{
  "best_epoch": 0,
  "peak_worker_0_memory_MB": 525.29296875,
  "training_duration": "0:01:22.711719",
  "training_start_epoch": 0,
  "training_epochs": 0,
  "epoch": 0,
  "training_precision": 0.8227528929710388,
  "training_recall": 0.7958685159683228,
  "training_f1": 0.8090874552726746,
  "training_accuracy": 0.8051811657622965,
  "training_loss": 0.5085989925596449,
  "training_worker_0_memory_MB": 525.29296875,
  "validation_precision": 0.8755019903182983,
  "validation_recall": 0.9276595711708069,
  "validation_f1": 0.9008264541625977,
  "validation_accuracy": 0.8881869867340493,
  "validation_loss": 0.3142344632319042,
  "best_validation_precision": 0.8755019903182983,
  "best_validation_recall": 0.9276595711708069,
  "best_validation_f1": 0.9008264541625977,
  "best_validation_accuracy": 0.8881869867340493,
  "best_validation_loss": 0.3142344632319042
}