{
  "best_epoch": 2,
  "peak_worker_0_memory_MB": 1488.203125,
  "training_duration": "0:04:08.134914",
  "training_start_epoch": 0,
  "training_epochs": 2,
  "epoch": 2,
  "training_precision": 0.9076840877532959,
  "training_recall": 0.9583098888397217,
  "training_f1": 0.9323102235794067,
  "training_accuracy": 0.9186942061963942,
  "training_loss": 0.23722208837668102,
  "training_worker_0_memory_MB": 1488.203125,
  "validation_precision": 0.9188445806503296,
  "validation_recall": 0.9475177526473999,
  "validation_f1": 0.9329609274864197,
  "validation_accuracy": 0.9185091598231206,
  "validation_loss": 0.25540961963789804,
  "best_validation_precision": 0.9188445806503296,
  "best_validation_recall": 0.9475177526473999,
  "best_validation_f1": 0.9329609274864197,
  "best_validation_accuracy": 0.9185091598231206,
  "best_validation_loss": 0.25540961963789804
}