{
  "best_epoch": 3,
  "peak_worker_0_memory_MB": 1602.984375,
  "training_duration": "0:05:23.222749",
  "training_start_epoch": 0,
  "training_epochs": 3,
  "epoch": 3,
  "training_precision": 0.9228417277336121,
  "training_recall": 0.9635680913925171,
  "training_f1": 0.9427652955055237,
  "training_accuracy": 0.9302468055312445,
  "training_loss": 0.20889551705784268,
  "training_worker_0_memory_MB": 1602.984375,
  "validation_precision": 0.9036144614219666,
  "validation_recall": 0.957446813583374,
  "validation_f1": 0.9297520518302917,
  "validation_accuracy": 0.9172457359444094,
  "validation_loss": 0.24338559806346893,
  "best_validation_precision": 0.9036144614219666,
  "best_validation_recall": 0.957446813583374,
  "best_validation_f1": 0.9297520518302917,
  "best_validation_accuracy": 0.9172457359444094,
  "best_validation_loss": 0.24338559806346893
}