{
  "best_epoch": 4,
  "peak_worker_0_memory_MB": 1686.39453125,
  "training_duration": "0:06:35.511016",
  "training_start_epoch": 0,
  "training_epochs": 4,
  "epoch": 4,
  "training_precision": 0.9301104545593262,
  "training_recall": 0.9646948575973511,
  "training_f1": 0.9470870494842529,
  "training_accuracy": 0.9368983021179765,
  "training_loss": 0.18736169156101015,
  "training_worker_0_memory_MB": 1686.39453125,
  "validation_precision": 0.9202200770378113,
  "validation_recall": 0.9489361643791199,
  "validation_f1": 0.9343575239181519,
  "validation_accuracy": 0.9222994314592545,
  "validation_loss": 0.240148520895413,
  "best_validation_precision": 0.9202200770378113,
  "best_validation_recall": 0.9489361643791199,
  "best_validation_f1": 0.9343575239181519,
  "best_validation_accuracy": 0.9222994314592545,
  "best_validation_loss": 0.240148520895413
}