{
  "best_epoch": 4,
  "peak_worker_0_memory_MB": 1686.39453125,
  "training_duration": "0:07:58.229664",
  "training_start_epoch": 0,
  "training_epochs": 5,
  "epoch": 5,
  "training_precision": 0.9404178261756897,
  "training_recall": 0.9722065925598145,
  "training_f1": 0.9560480713844299,
  "training_accuracy": 0.945912830386837,
  "training_loss": 0.1651335539089309,
  "training_worker_0_memory_MB": 1686.39453125,
  "validation_precision": 0.9265536665916443,
  "validation_recall": 0.9304964542388916,
  "validation_f1": 0.9285208582878113,
  "validation_accuracy": 0.919772583701832,
  "validation_loss": 0.25101407723767416,
  "best_validation_precision": 0.9202200770378113,
  "best_validation_recall": 0.9489361643791199,
  "best_validation_f1": 0.9343575239181519,
  "best_validation_accuracy": 0.9222994314592545,
  "best_validation_loss": 0.240148520895413
}