{
  "best_epoch": 4,
  "peak_worker_0_memory_MB": 1799.21875,
  "training_duration": "0:09:22.488465",
  "training_start_epoch": 0,
  "training_epochs": 6,
  "epoch": 6,
  "training_precision": 0.9501374959945679,
  "training_recall": 0.9733333587646484,
  "training_f1": 0.9615955352783203,
  "training_accuracy": 0.9530894451251531,
  "training_loss": 0.14522101862563028,
  "training_worker_0_memory_MB": 1799.21875,
  "validation_precision": 0.9233983159065247,
  "validation_recall": 0.9404255151748657,
  "validation_f1": 0.9318341016769409,
  "validation_accuracy": 0.9210360075805433,
  "validation_loss": 0.25552161250795635,
  "best_validation_precision": 0.9202200770378113,
  "best_validation_recall": 0.9489361643791199,
  "best_validation_f1": 0.9343575239181519,
  "best_validation_accuracy": 0.9222994314592545,
  "best_validation_loss": 0.240148520895413
}