{
  "best_epoch": 1,
  "peak_worker_0_memory_MB": 1437.9609375,
  "training_duration": "0:02:45.376433",
  "training_start_epoch": 0,
  "training_epochs": 1,
  "epoch": 1,
  "training_precision": 0.8866666555404663,
  "training_recall": 0.9491080045700073,
  "training_f1": 0.9168254137039185,
  "training_accuracy": 0.9030281813408017,
  "training_loss": 0.28103365103403727,
  "training_worker_0_memory_MB": 1437.9609375,
  "validation_precision": 0.8929049372673035,
  "validation_recall": 0.9460992813110352,
  "validation_f1": 0.9187327027320862,
  "validation_accuracy": 0.9077700568540745,
  "validation_loss": 0.26776200107165743,
  "best_validation_precision": 0.8929049372673035,
  "best_validation_recall": 0.9460992813110352,
  "best_validation_f1": 0.9187327027320862,
  "best_validation_accuracy": 0.9077700568540745,
  "best_validation_loss": 0.26776200107165743
}